date,neu_mean,neg_mean,pos_mean,comp_mean,pol_mean,qtd_day,bt_close,bt_open,bt_high,bt_low,bt_volumeto,bt_target
2021-01-01,0.854263,0.045843,0.09988300000000001,0.1828517,0.06766783851284154,1000,28972.4,28972.4,29666.33,28748.21,1487306218.52,1
2021-01-02,0.8654780000000001,0.044039,0.09048199999999999,0.1556578,0.06312477166691377,1000,29388.94,29388.94,33257.29,29036.26,3750440817.91,1
2021-01-03,0.862065,0.041362,0.096569,0.16926429999999998,0.0632003716602996,1000,32203.64,32203.64,34789.34,32010.59,3132759314.54,1
2021-01-04,0.8643699999999999,0.040225000000000004,0.09539700000000001,0.2025574,0.06194630194773535,1000,33063.48,33063.48,33622.7,28493.29,3901979149.92,-1
2021-01-05,0.864378,0.036116,0.09950800000000001,0.2160358,0.059948569023789054,1000,32030.55,32030.55,34487.44,29985.29,3037657026.2,1
2021-01-06,0.8731140000000001,0.046777,0.08009999999999999,0.1035992,0.06121141805251697,1000,34038.29,34038.29,36973.76,33404.2,3788317475.74,1
2021-01-07,0.8587560000000001,0.042515,0.098729,0.19943639999999999,0.06478783400454131,1000,36849.86,36849.86,40365.87,36340.01,4753170180.55,1
2021-01-08,0.8479000000000001,0.047052,0.105058,0.1819732,0.07030781617999524,1000,39479.41,39479.41,41964.96,36640.51,4705592327.36,1
2021-01-09,0.866936,0.04344800000000001,0.089633,0.15421060000000003,0.06240492435697684,1000,40636.24,40636.24,41400.48,38783.61,2241901362.12,-1
2021-01-10,0.8570099999999999,0.04658799999999999,0.09638900000000002,0.16349030000000003,0.06701172085538469,1000,40236.66,40236.66,41427.88,35283.65,3983391028.78,-1
2021-01-11,0.8529629999999999,0.050319,0.096708,0.1365926,0.06975851096461277,1000,38202.08,38202.08,38266.42,30308.4,8100819368.26,-1
2021-01-12,0.838124,0.045744,0.116118,0.17839050000000004,0.07288142281816402,1000,35496.03,35496.03,36620.28,32522.98,3999535589.05,-1
2021-01-13,0.85946,0.052431,0.088108,0.10944620000000001,0.0679675698256161,1000,34058.4,34058.4,37809.67,32405.89,3198683391.78,1
2021-01-14,0.8395060000000001,0.05053,0.109961,0.1703442,0.07454078970603947,1000,37380.85,37380.85,40093.43,36751.89,2895085049.06,1
2021-01-15,0.864777,0.041663,0.09356199999999999,0.16256720000000002,0.06243455458317933,1000,39155.58,39155.58,39695.43,34396.19,3288447634.87,-1
2021-01-16,0.8580129999999999,0.052817,0.08917200000000002,0.1002961,0.0686279645917027,1000,36790.17,36790.17,37942.44,35395.88,1995053500.31,-1
2021-01-17,0.856692,0.047242,0.096058,0.16392520000000002,0.06736447161523647,1000,36025.26,36025.26,36860.67,33854.83,1806688237.48,-1
2021-01-18,0.8549739999999999,0.05336,0.09167099999999999,0.13961540000000003,0.0699397209030748,1000,35839.51,35839.51,37429.24,34784.4,1554686784.02,1
2021-01-19,0.880771,0.025025,0.094207,0.1821044,0.048554404280147435,1000,36623.04,36623.04,37867.53,35917.28,1787957383.29,-1
2021-01-20,0.857398,0.03951,0.103086,0.2024709,0.06381949435713197,1000,35932.79,35932.79,36409.96,33519.59,2316775667.92,-1
2021-01-21,0.8410430000000001,0.055304,0.10366,0.16718860000000002,0.07571533952905449,1000,35501.38,35501.38,35619.6,30067.14,4042427455.09,-1
2021-01-22,0.863667,0.039855,0.09648000000000001,0.18327859999999999,0.062009760522033955,1000,30840.3,30840.3,33857.39,28817.3,3418228006.19,1
2021-01-23,0.859249,0.043396000000000004,0.097355,0.17465219999999998,0.06499859675408386,1000,33008.02,33008.02,33484.73,31430.15,1287618530.17,-1
2021-01-24,0.848595,0.050188,0.101232,0.1732984,0.07127854948019074,1000,32107.29,32107.29,33090.99,30957.56,1079875602.62,1
2021-01-25,0.8521579999999999,0.046049,0.10180100000000002,0.17330259999999997,0.06846776065419403,1000,32283.66,32283.66,34881.18,31937.09,1989618039.07,-1
2021-01-26,0.86036,0.039361,0.100272,0.197034,0.06282361173953627,1000,32275.27,32275.27,32943.69,30853.17,1909630282.43,1
2021-01-27,0.846973,0.04877,0.104275,0.1801037,0.07131263387366926,1000,32516.52,32516.52,32580.05,29236.73,3149650799.32,-1
2021-01-28,0.856437,0.044641999999999994,0.098932,0.1813304,0.06645692096388456,1000,30423.05,30423.05,33880.92,29905.53,2463162479.45,1
2021-01-29,0.8564700000000001,0.040982,0.102545,0.18570499999999998,0.06482668578602488,1000,33443.87,33443.87,38631.5,31996.08,6015929349.68,1
2021-01-30,0.848379,0.043588,0.108021,0.20115629999999998,0.06861792293562959,1000,34252.08,34252.08,34906.15,32858.0,1574213551.44,1
2021-01-31,0.8635309999999999,0.039084,0.09737299999999999,0.1978943,0.061690569230636864,1000,34317.82,34317.82,34381.7,32214.08,1176981986.93,-1
2021-02-01,0.862587,0.030734,0.106678,0.2449694,0.05725942413262641,1000,33143.22,33143.22,34714.34,32340.24,1623291067.04,1
2021-02-02,0.8476480000000001,0.042679,0.109671,0.22417009999999998,0.06841526590608268,1000,33535.94,33535.94,36004.47,33459.48,1789698965.07,1
2021-02-03,0.866885,0.035007,0.098113,0.19227589999999997,0.05860581704063173,1000,35524.43,35524.43,37704.8,35413.72,2340630205.42,1
2021-02-04,0.866238,0.039699,0.094064,0.1876803,0.06110848333905858,1000,37677.34,37677.34,38741.89,36199.19,2767003411.51,-1
2021-02-05,0.8588989999999999,0.05018,0.09092700000000001,0.1329007,0.06754788568119656,1000,36983.42,36983.42,38343.92,36626.5,1705038314.0,1
2021-02-06,0.8593780000000001,0.047553,0.09306800000000001,0.16708689999999998,0.06652565372846779,1000,38310.24,38310.24,40989.11,38247.96,2642530408.41,1
2021-02-07,0.8633500000000001,0.038222,0.098429,0.19844920000000002,0.06133639407399167,1000,39267.01,39267.01,39721.59,37408.16,2076904733.5,-1
2021-02-08,0.871942,0.042408,0.085658,0.1411674,0.060270925527985714,1000,38868.82,38868.82,46606.82,38063.87,5944522159.67,1
2021-02-09,0.857914,0.03832900000000001,0.10377,0.21379860000000003,0.06306663404685556,1000,46437.41,46437.41,48209.59,45051.46,4610214635.38,1
2021-02-10,0.8546880000000001,0.047914,0.09739,0.17276160000000002,0.06831064675436765,1000,46509.57,46509.57,47349.86,43743.99,3326890835.4,-1
2021-02-11,0.863494,0.044851,0.09164699999999999,0.167655,0.06411286608006227,1000,44854.95,44854.95,48664.81,44032.66,3377367971.59,1
2021-02-12,0.8556579999999999,0.043769999999999996,0.10056200000000001,0.1863197,0.06634454566880385,1000,48006.18,48006.18,48930.99,46243.85,2831634659.58,-1
2021-02-13,0.873683,0.03861799999999999,0.08769400000000001,0.1566803,0.05819421699791139,1000,47435.54,47435.54,48171.46,46291.19,1571324550.44,-1
2021-02-14,0.862452,0.04265900000000001,0.09488100000000001,0.1929483,0.06362019002643737,1000,47222.32,47222.32,49642.39,47096.92,1841963034.08,1
2021-02-15,0.848607,0.047415,0.10397399999999998,0.1833701,0.0702134403800298,1000,48652.87,48652.87,49031.74,45910.0,2502097939.18,-1
2021-02-16,0.8348450000000001,0.034983,0.13015200000000002,0.2507057,0.06747671758466027,1000,47936.51,47936.51,50561.53,47068.63,3237085085.6,1
2021-02-17,0.856876,0.049506999999999995,0.093618,0.15880709999999998,0.06807897124663385,1000,49184.63,49184.63,52622.68,48967.72,3423930178.2,1
2021-02-18,0.8459459999999999,0.051331,0.102733,0.17912920000000002,0.07261809432228307,1000,52154.91,52154.91,52550.6,50874.81,2205232619.94,-1
2021-02-19,0.850543,0.03998,0.10947,0.193998,0.0661559566479089,1000,51591.61,51591.61,56331.09,50766.83,3893034056.64,1
2021-02-20,0.85633,0.041742,0.10192699999999999,0.1947756,0.06522757725073039,1000,55933.47,55933.47,57528.16,54140.61,2974872569.57,-1
2021-02-21,0.854379,0.036218999999999994,0.109401,0.2208801,0.06294755610029669,1000,55900.84,55900.84,58348.75,55516.07,1934005633.01,1
2021-02-22,0.851366,0.052332,0.096306,0.14169790000000002,0.07099215162255613,1000,57469.95,57469.95,57540.74,48194.31,6995162441.1,-1
2021-02-23,0.836288,0.040206000000000006,0.123508,0.2500134,0.07046816762198377,1000,54121.17,54121.17,54164.35,44983.39,8016450648.12,-1
2021-02-24,0.8124239999999999,0.034137999999999995,0.153442,0.295096,0.07237543088645483,1000,48898.7,48898.7,51399.55,47015.55,3729774704.65,1
2021-02-25,0.867358,0.043647,0.088995,0.16832740000000002,0.062324672201304034,1000,49738.17,49738.17,52086.34,46728.88,3643008748.86,-1
2021-02-26,0.8420550000000001,0.041142000000000005,0.116815,0.2259245,0.06932533973952093,1000,47082.87,47082.87,48438.38,44153.46,4204800171.81,-1
2021-02-27,0.852688,0.04870400000000001,0.098601,0.1793752,0.06929836292438661,1000,46324.5,46324.5,48362.8,45063.84,1831237567.32,-1
2021-02-28,0.864344,0.037925,0.097735,0.2058598,0.06088185177045783,1000,46191.39,46191.39,46645.9,43061.92,2776726256.13,-1
2021-03-01,0.8608779999999999,0.04062999999999999,0.098488,0.1920624,0.0632579436908915,1000,45261.03,45261.03,49812.2,45058.98,3146266419.71,1
2021-03-02,0.856347,0.040526,0.103122,0.21676789999999999,0.06464613037143058,1000,49635.07,49635.07,50221.14,47097.84,2105387914.68,-1
2021-03-03,0.848504,0.032392,0.11909900000000001,0.24650919999999998,0.06211163182528696,1000,48501.21,48501.21,52625.39,48176.64,2615513552.66,1
2021-03-04,0.8553580000000001,0.037132000000000005,0.107526,0.22440559999999998,0.06318746261719962,1000,50392.55,50392.55,51792.65,47516.91,3024053725.58,-1
2021-03-05,0.8536083333333333,0.037925,0.10846666666666668,0.21658208333333337,0.06413733961845731,240,48363.74,48363.74,49467.19,46311.43,2907395734.68,1
2021-03-06,0.852796,0.042415,0.10478200000000001,0.1997919,0.06666579730266488,1000,48775.37,48775.37,49185.32,47099.07,1214194643.85,1
2021-03-07,0.854673,0.0399,0.10542900000000001,0.2074216,0.06485843892663468,1000,48892.8,48892.8,51455.54,48892.8,1658558074.88,1
2021-03-08,0.859229,0.036695,0.104091,0.21305459999999998,0.061803068249076436,1000,50964.18,50964.18,52408.08,49341.09,2445827949.75,1
2021-03-09,0.851354,0.042439000000000004,0.10620600000000001,0.2062407,0.06713625275512479,1000,52405.02,52405.02,54933.93,51888.98,2898199576.25,1
2021-03-10,0.847927,0.043982999999999994,0.108088,0.2235693,0.06894950691629347,1000,54928.7,54928.7,57396.59,53054.34,3898251700.72,1
2021-03-11,0.859242,0.03741200000000001,0.10334499999999999,0.2083749,0.06217992553871386,1000,55893.31,55893.31,58142.77,54314.65,3340389094.49,1
2021-03-12,0.8614348739495798,0.042126050420168065,0.0964516806722689,0.17354915966386553,0.06374267301509993,476,57809.41,57809.41,58069.58,55089.68,3079097934.08,-1
2021-03-13,0.8453809999999999,0.04026,0.11435499999999998,0.2171112,0.06785228293874863,1000,57256.22,57256.22,61749.15,56103.32,3439594034.95,1
2021-03-14,0.8688480000000001,0.050634,0.080523,0.06666919999999998,0.06385296846662651,1000,61179.79,61179.79,61674.66,58980.95,2105197604.06,-1
2021-03-15,0.858445,0.047134,0.09441400000000001,0.1525173,0.06670914087289688,1000,58998.89,58998.89,60589.17,54857.68,4297382088.92,-1
2021-03-16,0.8596959999999999,0.038506,0.10181200000000001,0.2031103,0.06261288103896834,1000,55665.01,55665.01,56936.04,53269.13,3441195999.4,1
2021-03-17,0.8568309999999999,0.03541,0.10776400000000001,0.2554865,0.06177315954360761,1000,56925.01,56925.01,58975.28,54156.11,3493543493.16,1
2021-03-18,0.8488730000000001,0.03768,0.113447,0.253903,0.06538105964268245,1000,58909.0,58909.0,60077.79,57022.2,3178687259.25,-1
2021-03-19,0.8459103773584906,0.036617924528301884,0.11746855345911948,0.2629900943396226,0.06558547571692099,636,57643.32,57643.32,59453.32,56283.37,2397999967.37,1
2021-03-20,0.852048,0.050827,0.097123,0.1691898,0.070260022210358,1000,58060.21,58060.21,59911.7,57837.79,1687922804.56,1
2021-03-21,0.8488510000000001,0.045567,0.10557300000000001,0.2083314,0.06935881264122101,1000,58101.34,58101.34,58621.34,55635.61,1958214099.07,-1
2021-03-22,0.846669,0.044408,0.10891200000000001,0.2102068,0.06954541031585047,1000,57374.95,57374.95,58431.44,53795.78,2865346861.49,-1
2021-03-23,0.8499960000000001,0.043271000000000004,0.106739,0.2107092,0.06796104228894669,1000,54095.36,54095.36,55836.27,52984.36,2444787014.61,1
2021-03-24,0.8377960000000001,0.040629000000000005,0.121572,0.2738751,0.0702805007665711,1000,54355.45,54355.45,57202.53,51685.15,3420695083.54,-1
2021-03-25,0.8387049999999999,0.037237,0.12405800000000002,0.275065,0.06796725495413215,1000,52303.02,52303.02,53199.52,50406.31,3617760373.16,-1
2021-03-26,0.8340219999999999,0.037291,0.128674,0.256649,0.0692703553765967,1000,51336.09,51336.09,55083.9,51275.54,2461374478.26,1
2021-03-27,0.842936,0.041114000000000005,0.11594199999999999,0.22564209999999998,0.06904230143904533,1000,55055.43,55055.43,56606.78,53991.0,1514783182.02,1
2021-03-28,0.8508340000000001,0.040170000000000004,0.10899100000000002,0.2174688,0.06616772982353257,1000,55863.73,55863.73,56561.55,54717.97,1345583216.95,-1
2021-03-29,0.804688,0.036132000000000004,0.15917699999999999,0.30843780000000004,0.07583787552404142,1000,55781.01,55781.01,58413.9,54910.57,2950020309.68,1
2021-03-30,0.797608,0.034076999999999996,0.16831000000000002,0.36647820000000003,0.07573308306149962,1000,57626.1,57626.1,59402.27,57055.21,2064647135.86,1
2021-03-31,0.829342,0.037816,0.132832,0.2930697,0.07087436004649354,1000,58781.54,58781.54,59818.5,56918.81,2727194335.71,1
2021-04-01,0.83859,0.041131,0.120275,0.24381119999999998,0.07033513364599515,1000,58793.8,58793.8,59469.45,57949.11,1648724834.05,-1
2021-04-02,0.846098,0.039911999999999996,0.113991,0.2535839,0.06745078792719919,1000,58730.82,58730.82,60061.51,58458.46,1765524921.41,1
2021-04-03,0.8477250000000001,0.042597,0.109674,0.20534570000000002,0.06835044533871013,1000,58987.8,58987.8,59770.87,56958.04,1470430519.81,-1
2021-04-04,0.858474,0.035082,0.10643899999999999,0.24912640000000003,0.06110722541565768,1000,57074.97,57074.97,58493.73,56493.38,1093079652.2,1
2021-04-05,0.854352,0.036150999999999996,0.109524,0.2646903,0.06292378027423336,1000,58219.43,58219.43,59235.68,56833.44,1439529332.47,1
2021-04-06,0.8538600000000001,0.037525,0.10861699999999999,0.2309994,0.06384240694867324,1000,59119.56,59119.56,59464.31,57369.44,1535666142.46,-1
2021-04-07,0.86424,0.041594,0.09417099999999999,0.17753439999999998,0.06258553006885856,1000,58010.35,58010.35,58628.19,55467.58,2855410824.81,-1
2021-04-08,0.853469,0.043943,0.10259399999999999,0.1997216,0.06714378706924416,1000,55951.98,55951.98,58150.23,55711.07,1458096433.7,1
2021-04-09,0.863524,0.046077,0.090389,0.15665550000000003,0.06453567968961045,1000,58084.46,58084.46,58881.94,57694.22,1241735091.75,1
2021-04-10,0.861275,0.036581,0.102153,0.22163299999999997,0.061129852715346863,1000,58106.85,58106.85,61193.5,57885.43,2322058695.22,1
2021-04-11,0.861162,0.039508,0.099335,0.1947672,0.06264604680265148,1000,59784.8,59784.8,60673.37,59218.25,1218894531.01,1
2021-04-12,0.8676269999999999,0.036779,0.09559700000000002,0.20914409999999997,0.05929554842481854,1000,59980.45,59980.45,61233.29,59421.37,1913098388.79,-1
2021-04-13,0.864847,0.039201,0.09595000000000001,0.18809700000000001,0.06132973137068187,1000,59845.76,59845.76,63682.32,59811.31,3299086696.94,1
2021-04-14,0.858365,0.040540999999999994,0.10109200000000002,0.1979787,0.06401851897693354,1000,63558.48,63558.48,64859.81,61312.98,4066819695.96,-1
2021-04-15,0.851693,0.04141500000000001,0.106885,0.22732850000000002,0.06653301642793599,1000,62964.27,62964.27,63826.89,62038.33,2146219571.03,1
2021-04-16,0.86151,0.040060000000000005,0.09843600000000001,0.21551499999999998,0.06279606802977397,1000,63233.03,63233.03,63567.11,60048.13,3544777400.64,-1
2021-04-17,0.864769,0.036605000000000006,0.098619,0.1979239,0.060082846928220704,1000,61416.41,61416.41,62541.21,59712.92,2093039585.66,-1
2021-04-18,0.8590329999999999,0.04429600000000001,0.096668,0.1692865,0.0654370363632095,1000,60056.07,60056.07,60393.33,52785.1,6264051811.58,-1
2021-04-19,0.8624750000000001,0.045306,0.09222999999999999,0.1625009,0.06464187791207801,1000,56246.82,56246.82,57590.64,54291.08,2732647682.18,-1
2021-04-20,0.8518060000000001,0.038863,0.10931700000000001,0.22777970000000003,0.06517964844182578,1000,55680.11,55680.11,57101.05,53429.73,3091319805.6,1
2021-04-21,0.8459159999999999,0.052837,0.101246,0.17345389999999997,0.07314051477806265,1000,56496.06,56496.06,56801.94,53640.81,2312255459.33,-1
2021-04-22,0.850443,0.056147999999999997,0.093406,0.13521029999999998,0.07241933504251472,1000,53803.25,53803.25,55458.61,50519.78,4488994737.96,-1
2021-04-23,0.8586389999999999,0.046775,0.094583,0.1527898,0.0665140573488041,1000,51717.61,51717.61,52112.75,47495.24,5241192198.03,-1
2021-04-24,0.856187,0.048548,0.095269,0.1669661,0.06800823047249502,1000,51178.03,51178.03,51223.86,48769.48,1695108976.06,-1
2021-04-25,0.860429,0.046470000000000004,0.093095,0.16054330000000003,0.0657732821896551,1000,50115.99,50115.99,50576.4,47073.07,2176241676.28,-1
2021-04-26,0.862861,0.03849,0.09865399999999999,0.19406110000000001,0.06162136366553405,1000,49120.97,49120.97,54389.71,48843.41,3254396664.97,1
2021-04-27,0.865369,0.037674,0.096959,0.20719869999999999,0.060438674422922285,1000,54062.29,54062.29,55490.94,53357.59,2220077233.11,1
2021-04-28,0.8577359999999999,0.044122,0.098148,0.1815879,0.06580642868291821,1000,55073.48,55073.48,56461.55,53886.63,2339383717.48,-1
2021-04-29,0.858961,0.039548,0.101498,0.19301400000000002,0.06335647483880397,1000,54877.94,54877.94,55217.24,52399.42,2359198137.55,-1
2021-04-30,0.8659300000000001,0.033857,0.1002,0.1865229,0.05824492595926275,1000,53581.58,53581.58,57984.34,53089.93,2719315702.2,1
2021-05-01,0.8471900000000001,0.046195,0.106626,0.18144330000000003,0.0701825339382955,1000,57757.97,57757.97,58498.65,57057.4,1511783659.93,1
2021-05-02,0.8601279999999999,0.040484,0.099383,0.2088311,0.06343044515057418,1000,57843.16,57843.16,57934.82,56092.72,1230710822.31,-1
2021-05-03,0.8558119999999999,0.04037999999999999,0.103798,0.2092087,0.06474073864268154,1000,56623.51,56623.51,58963.84,56531.6,2371465902.34,1
2021-05-04,0.860188,0.045409000000000005,0.09439600000000001,0.1902555,0.06547081765183631,1000,57195.07,57195.07,57226.81,53108.04,3556756117.3,-1
2021-05-05,0.853936,0.039139,0.10691800000000001,0.2278791,0.06468897589234196,1000,53244.07,53244.07,57944.11,52978.89,3200062630.96,1
2021-05-06,0.8687140000000001,0.034415999999999995,0.096873,0.2278925,0.05774063705918043,1000,57506.88,57506.88,58392.76,55299.4,2878647496.02,-1
2021-05-07,0.855406,0.042472,0.102119,0.19824930000000002,0.06585740784452422,1000,56441.94,56441.94,58695.29,55311.16,2439662460.45,1
2021-05-08,0.8635130000000001,0.037355000000000006,0.099133,0.2082732,0.06085321039189305,1000,57374.33,57374.33,59521.69,56985.44,2211507566.18,1
2021-05-09,0.8742709999999999,0.034450999999999996,0.09128,0.1992251,0.05607751135704936,1000,58943.13,58943.13,59276.99,56350.98,2645394205.33,-1
2021-05-10,0.860455,0.04454,0.09500399999999999,0.1677584,0.06504981291287469,1000,58294.18,58294.18,59587.03,54239.16,4067497161.41,-1
2021-05-11,0.861467,0.03720099999999999,0.10133299999999999,0.21693590000000001,0.06139779257432631,1000,55870.01,55870.01,56928.37,54490.38,2395231325.24,1
2021-05-12,0.8509329999999999,0.066625,0.082444,0.07633789999999999,0.07411363909564825,1000,56747.52,56747.52,58005.44,49182.89,4035173480.67,-1
2021-05-13,0.83817,0.057706999999999994,0.104134,0.1617056,0.07751942168256933,1000,49504.08,49504.08,51377.99,47029.73,5919941739.84,1
2021-05-14,0.8499909999999999,0.050322000000000006,0.099693,0.1690424,0.07082902756638694,1000,49700.6,49700.6,51554.66,48910.06,2156016499.66,1
2021-05-15,0.854879,0.053385999999999996,0.091736,0.1200468,0.0699815553985477,1000,49887.96,49887.96,50710.05,46606.18,2591003797.63,-1
2021-05-16,0.828726,0.072653,0.09861700000000001,0.1084138,0.0846452650831693,1000,46775.29,46775.29,49808.83,43918.69,3693969204.75,-1
2021-05-17,0.8532909999999999,0.050869,0.09584100000000001,0.15137349999999997,0.06982360509884893,1000,46490.71,46490.71,46665.19,42130.83,5896147491.21,-1
2021-05-18,0.8560070000000001,0.049415999999999995,0.094568,0.1615224,0.06836060479545218,1000,43552.14,43552.14,45819.36,42309.39,3159184422.64,-1
2021-05-19,0.8505360000000001,0.05284900000000001,0.09662699999999999,0.146209,0.07146076072223133,1000,42886.02,42886.02,43564.34,29925.2,11120220854.77,-1
2021-05-20,0.855821,0.047795000000000004,0.096384,0.16401759999999999,0.06787247807469535,1000,36771.87,36771.87,42520.03,35009.25,5531454912.79,1
2021-05-21,0.8453320000000001,0.05339700000000001,0.101265,0.15307880000000001,0.0735339867340266,1000,40597.4,40597.4,42252.07,33552.8,4573692788.95,-1
2021-05-22,0.834882,0.052209,0.11291499999999999,0.16744050000000002,0.07678007055870682,1000,37350.39,37350.39,38841.92,35287.71,2808008188.27,1
2021-05-23,0.8490240000000001,0.051801,0.09915800000000001,0.14817020000000003,0.07166926508622787,1000,37491.5,37491.5,38304.55,31157.18,4494413873.1,-1
2021-05-24,0.8543350000000001,0.044802,0.10087,0.1894541,0.0672248297878098,1000,34716.84,34716.84,39945.35,34467.32,3981461441.04,1
2021-05-25,0.846579,0.049245000000000004,0.104182,0.1889624,0.07162710792709699,1000,38837.76,38837.76,39842.9,36509.09,2529569055.97,-1
2021-05-26,0.855502,0.040168,0.104333,0.22736099999999998,0.06473675883143981,1000,38387.36,38387.36,40854.81,37855.81,2607759779.42,1
2021-05-27,0.851829,0.042825,0.105352,0.20655440000000003,0.06716918489902941,1000,39295.08,39295.08,40408.95,37211.84,1804036815.09,-1
2021-05-28,0.8446889999999999,0.04795400000000001,0.107347,0.192911,0.07174759952778909,1000,38538.84,38538.84,38879.6,34733.76,3104364367.82,-1
2021-05-29,0.85335,0.046972,0.09968600000000001,0.1573547,0.06842843555131156,1000,35680.92,35680.92,37307.1,33666.06,2127790128.94,-1
2021-05-30,0.8480150000000001,0.047862,0.104121,0.19556099999999998,0.07059347917477932,1000,34611.58,34611.58,36481.62,33400.65,1325408340.1,1
2021-05-31,0.8527509999999999,0.042159999999999996,0.10508500000000001,0.21085980000000001,0.06656112679334687,1000,35662.59,35662.59,37512.8,34202.86,1821662523.97,1
2021-06-01,0.861223,0.034838,0.103938,0.21688,0.0601746794258183,1000,37290.83,37290.83,37910.19,35733.52,1626268789.21,-1
2021-06-02,0.853028,0.039156,0.107811,0.2159527,0.06497266745332225,1000,36683.51,36683.51,38225.18,35935.34,1494571249.19,1
2021-06-03,0.856152,0.04354299999999999,0.10030300000000002,0.1739048,0.06608701482893595,1000,37576.98,37576.98,39482.46,37199.92,1586641442.02,1
2021-06-04,0.851788,0.049478,0.09872999999999998,0.1451694,0.06989250989913011,1000,39229.66,39229.66,39273.49,35617.03,1837944242.33,-1
2021-06-05,0.842236,0.053321,0.10445,0.16250610000000001,0.07462826843763695,1000,36861.5,36861.5,37911.76,34846.16,1444088532.56,-1
2021-06-06,0.8429449999999999,0.051393999999999995,0.10565700000000001,0.1654865,0.07368945554148165,1000,35538.4,35538.4,36453.81,35264.34,986275148.28,1
2021-06-07,0.8443339999999999,0.061988,0.09366500000000001,0.1106216,0.0761978084986701,1000,35798.57,35798.57,36790.39,33367.12,1850311020.63,-1
2021-06-08,0.8411500000000001,0.050596999999999996,0.108252,0.1813684,0.07400828631984394,1000,33582.86,33582.86,34061.09,31034.35,2890313261.68,-1
2021-06-09,0.830767,0.060969,0.108253,0.1593431,0.08124085891348024,1000,33409.38,33409.38,37528.42,32435.18,3249553573.38,1
2021-06-10,0.8398629999999999,0.045821,0.114316,0.24480680000000002,0.07237453582579995,1000,37391.58,37391.58,38387.2,35821.05,2338112083.52,-1
2021-06-11,0.845758,0.050260000000000006,0.103966,0.18678770000000003,0.0722864521193287,1000,36680.78,36680.78,37665.85,35981.84,1596038876.7,1
2021-06-12,0.825515,0.030150999999999997,0.144337,0.39291470000000006,0.06596896912185303,1000,37339.98,37339.98,37445.32,34655.21,1450138289.51,-1
2021-06-13,0.8536699999999999,0.042012,0.10431900000000001,0.19494820000000002,0.06620158478465603,1000,35541.78,35541.78,39374.68,34802.24,1727291768.5,1
2021-06-14,0.8525750000000001,0.038804000000000005,0.108611,0.2192416,0.06491949818043882,1000,39017.37,39017.37,41025.42,38755.79,2740589573.6,1
2021-06-15,0.855163,0.045187000000000005,0.09964100000000001,0.18269939999999996,0.06710050571344452,1000,40526.63,40526.63,41307.06,39526.69,1943860792.12,-1
2021-06-16,0.850803,0.040945,0.108254,0.203033,0.06657672288420331,1000,40161.86,40161.86,40487.98,38122.04,1883613058.48,-1
2021-06-17,0.833386,0.037293,0.129312,0.3101863,0.06944373561380465,1000,38345.41,38345.41,39537.42,37386.57,1599770630.8,-1
2021-06-18,0.8403809999999999,0.046852000000000005,0.11277100000000001,0.2183553,0.07268801064824928,1000,38082.3,38082.3,38201.23,35158.89,2207651943.63,-1
2021-06-19,0.840105,0.046136,0.113768,0.22408689999999998,0.0724486055628402,1000,35830.29,35830.29,36443.26,34863.17,1601193146.33,-1
2021-06-20,0.8496589999999999,0.044418,0.105928,0.2067647,0.06859380368517261,1000,35515.38,35515.38,36139.95,33377.82,1964614466.35,1
2021-06-21,0.85194,0.057082,0.090966,0.1177806,0.07205915078600358,1000,35602.26,35602.26,35760.61,31284.7,3650731161.39,-1
2021-06-22,0.8462799999999999,0.047928,0.10579000000000001,0.16576530000000003,0.07120606097798136,1000,31652.62,31652.62,33312.87,28908.07,4060734244.07,1
2021-06-23,0.851647,0.047374,0.100976,0.1799467,0.06916384188287981,1000,32537.58,32537.58,34831.93,31790.02,2037061709.14,1
2021-06-24,0.8412999999999999,0.044402000000000004,0.11430099999999999,0.21292700000000003,0.07124038883947785,1000,33678.64,33678.64,35267.23,32340.83,1311147481.02,1
2021-06-25,0.8456990000000001,0.052901000000000004,0.10138599999999999,0.175054,0.07323537933266953,1000,34649.84,34649.84,35494.5,31290.25,3027434524.39,-1
2021-06-26,0.8462850000000001,0.04875,0.104963,0.1747745,0.07153283337041809,1000,31593.86,31593.86,32680.58,30190.9,1826363014.48,1
2021-06-27,0.855586,0.042419000000000005,0.10199599999999999,0.1807433,0.06577665485565529,1000,32307.35,32307.35,34754.5,32031.15,2002954688.79,1
2021-06-28,0.848113,0.044232999999999995,0.107658,0.2035301,0.06900750911313927,1000,34713.81,34713.81,35292.57,33890.86,1424168416.33,-1
2021-06-29,0.854969,0.044149,0.100885,0.19809480000000002,0.06673808406749478,1000,34487.11,34487.11,36624.75,34243.82,1578253520.29,1
2021-06-30,0.851269,0.041356000000000004,0.107378,0.2256564,0.06663876175320187,1000,35901.41,35901.41,36090.37,34062.04,1388243727.19,-1
2021-07-01,0.841233,0.043923000000000004,0.114837,0.2289505,0.0710210218949291,1000,35056.39,35056.39,35065.41,32757.33,1238732543.23,-1
2021-07-02,0.8435750000000001,0.045431,0.110986,0.20130869999999998,0.07100848516902751,1000,33543.11,33543.11,33968.47,32715.18,1102040372.36,1
2021-07-03,0.846645,0.043800000000000006,0.109532,0.21347520000000003,0.06926399930699931,1000,33804.54,33804.54,34944.91,33333.05,595117204.83,1
2021-07-04,0.839711,0.042362,0.11792,0.2418453,0.07067762757761469,1000,34682.84,34682.84,35945.36,34390.95,563891553.21,1
2021-07-05,0.843135,0.041926000000000005,0.114943,0.2285434,0.0694197393973789,1000,35287.97,35287.97,35290.8,33151.51,1072690410.4,-1
2021-07-06,0.841043,0.041965,0.11698599999999999,0.23282650000000002,0.07006652189169947,1000,33702.79,33702.79,35096.65,33558.75,1123145329.6,1
2021-07-07,0.834204,0.041882,0.12390799999999999,0.24582810000000002,0.07203828743105989,1000,34237.66,34237.66,35066.82,33807.42,752074468.65,-1
2021-07-08,0.850196,0.044977,0.104832,0.1993556,0.0686660677773236,1000,33880.79,33880.79,33934.31,32108.68,1573967671.27,-1
2021-07-09,0.8533050000000001,0.045066,0.101632,0.17041730000000002,0.06767678857629106,1000,32874.01,32874.01,34076.49,32274.31,853165387.13,1
2021-07-10,0.855471,0.045575000000000004,0.09894499999999999,0.1703049,0.06715220305395796,1000,33804.2,33804.2,34253.5,33030.16,651899496.99,-1
2021-07-11,0.844989,0.047209999999999995,0.10780200000000001,0.1902559,0.07133955718954246,1000,33515.13,33515.13,34595.69,33335.4,533337900.01,1
2021-07-12,0.8374940000000001,0.03434999999999999,0.12815300000000002,0.29427430000000004,0.06634798828902048,1000,34249.3,34249.3,34658.46,32660.38,1039311244.06,-1
2021-07-13,0.8502419999999999,0.046499,0.10325800000000002,0.1769869,0.06929209003919568,1000,33088.51,33088.51,33335.54,32206.14,837278173.94,-1
2021-07-14,0.8458720000000001,0.05132899999999999,0.102798,0.1747185,0.07263964855366523,1000,32737.47,32737.47,33099.2,31601.99,883070516.73,1
2021-07-15,0.8536159999999999,0.045058,0.101312,0.18207389999999998,0.06756416280840014,1000,32820.5,32820.5,33188.54,31133.75,1073939852.55,-1
2021-07-16,0.85278,0.050675,0.096548,0.16191460000000002,0.0699469077229294,1000,31867.46,31867.46,32256.94,31046.14,812765644.4,-1
2021-07-17,0.8294860000000001,0.044107,0.126403,0.2088693,0.07466764440505673,1000,31401.76,31401.76,31966.25,31194.16,881285396.92,1
2021-07-18,0.85665,0.050434,0.09290999999999999,0.1320848,0.068453071077929,1000,31546.64,31546.64,32446.17,31131.67,796652696.45,1
2021-07-19,0.8506900000000001,0.050389,0.098917,0.1579872,0.07059977842033217,1000,31806.3,31806.3,31907.17,30487.11,1179342118.61,-1
2021-07-20,0.862308,0.043171999999999995,0.094512,0.1748578,0.06387700731875282,1000,30847.55,30847.55,31063.88,29320.09,1291958152.32,-1
2021-07-21,0.853072,0.043264000000000004,0.103658,0.2052464,0.06696760195796173,1000,29795.55,29795.55,32814.13,29513.88,1538668590.41,1
2021-07-22,0.855668,0.036840000000000005,0.107488,0.22542020000000002,0.06292740198037736,1000,32139.48,32139.48,32604.4,31738.48,785311959.3,1
2021-07-23,0.864628,0.038667,0.09670699999999999,0.178395,0.06115038486387473,1000,32299.47,32299.47,33637.93,32012.62,765209760.41,1
2021-07-24,0.856797,0.042048999999999996,0.101148,0.1811848,0.06521634957585405,1000,33637.92,33637.92,34519.75,33429.09,686017155.75,1
2021-07-25,0.8766390000000001,0.035006999999999996,0.08835900000000001,0.1480967,0.05561639608065233,1000,34282.56,34282.56,35382.63,33892.36,781929775.48,1
2021-07-26,0.847191,0.05034,0.10246000000000001,0.1623031,0.07181807850395332,1000,35369.93,35369.93,40553.85,35270.24,3840983132.28,1
2021-07-27,0.868515,0.038790000000000005,0.092697,0.1797582,0.05996429462605227,1000,37269.52,37269.52,39535.5,36422.45,2197490232.78,1
2021-07-28,0.8605409999999999,0.039739000000000003,0.099725,0.18707549999999998,0.06295213876430251,1000,39496.69,39496.69,40906.09,38809.89,2662886395.8,1
2021-07-29,0.869154,0.036974999999999994,0.09387800000000002,0.17236959999999998,0.05891637336089179,1000,40030.01,40030.01,40633.62,39281.83,1257968294.92,1
2021-07-30,0.8785080000000001,0.036933999999999995,0.08455900000000001,0.12878459999999997,0.05588472157933687,1000,40030.52,40030.52,42301.76,38346.18,1698014609.78,1
2021-07-31,0.868546,0.039442,0.092007,0.1819647,0.060240684707264076,1000,42231.83,42231.83,42373.59,41065.61,1056705603.97,-1
2021-08-01,0.854457,0.044343999999999995,0.10118600000000001,0.1630652,0.0669850131298039,1000,41474.72,41474.72,42584.65,39471.54,1385907257.88,-1
2021-08-02,0.861578,0.04166500000000001,0.09676200000000001,0.181122,0.06349479293611407,1000,39870.76,39870.76,40446.6,38698.01,1308894644.03,-1
2021-08-03,0.854805,0.044529,0.100663,0.19163600000000003,0.06695089788046162,1000,39158.53,39158.53,39779.45,37679.22,1466921591.54,-1
2021-08-04,0.8583919999999999,0.044657,0.096958,0.16827180000000003,0.06580162160615802,1000,38189.3,38189.3,39961.11,37526.24,1318983897.48,1
2021-08-05,0.853935393258427,0.0447808988764045,0.10127528089887641,0.1837938202247191,0.06734387954827109,356,39738.56,39738.56,41409.14,37330.04,2357831521.97,1
2021-08-06,0.854773,0.043456,0.101763,0.1947281,0.06649972126257372,1000,40888.18,40888.18,43363.62,39895.05,2009167763.65,1
2021-08-07,0.8576759999999999,0.043488,0.09882600000000001,0.166269,0.06555718944555204,1000,42852.18,42852.18,44731.51,42473.57,2199730007.61,1
2021-08-08,0.867903,0.041836,0.090265,0.1579818,0.061451822918445635,1000,44617.96,44617.96,45310.33,43300.59,1745878741.47,-1
2021-08-09,0.8493630000000001,0.044889000000000005,0.105744,0.1969914,0.06889660670889387,1000,43827.75,43827.75,46476.01,42818.07,2219734084.88,1
2021-08-10,0.8517339999999999,0.041581,0.106697,0.1975986,0.06660756681488973,1000,46292.61,46292.61,46707.56,44663.2,1609844198.85,-1
2021-08-11,0.8542860000000001,0.040111,0.105605,0.21140319999999999,0.06508396234864623,1000,45601.03,45601.03,46763.89,45360.51,1421598811.69,-1
2021-08-12,0.859365,0.041297,0.09935999999999999,0.1939473,0.06405677107066823,1000,45556.69,45556.69,46214.21,43786.4,1588850342.27,-1
2021-08-13,0.859791,0.041731000000000004,0.09848399999999999,0.1644743,0.0641080010919074,1000,44425.52,44425.52,47890.79,44260.38,1595718853.28,1
2021-08-14,0.847016,0.042464,0.11053400000000001,0.20838189999999998,0.06851069825946894,1000,47832.93,47832.93,48136.25,46049.28,1120499538.82,-1
2021-08-15,0.852874,0.037408000000000004,0.10971299999999999,0.22883350000000002,0.06406359265604764,1000,47102.03,47102.03,47390.93,45595.22,836663894.85,-1
2021-08-16,0.859212,0.043918,0.09687799999999999,0.1788619,0.06522796949162223,1000,47015.94,47015.94,48064.42,45681.1,1332377363.69,-1
2021-08-17,0.850719,0.044488,0.104787,0.1978382,0.06827711224121888,1000,45927.4,45927.4,47100.97,44438.79,1700658063.3,-1
2021-08-18,0.852251,0.037923,0.109825,0.2215418,0.06453598589159384,1000,44684.43,44684.43,46024.97,44240.9,1377529230.43,1
2021-08-19,0.8658129999999999,0.035757000000000004,0.09842599999999999,0.2171658,0.059324686952397815,1000,44714.54,44714.54,47044.06,43982.21,1511027965.43,1
2021-08-20,0.861489,0.038819,0.09969800000000001,0.19520780000000001,0.062210743943470086,1000,46761.49,46761.49,49377.5,46652.0,1742574002.38,1
2021-08-21,0.856643,0.040878,0.10247800000000001,0.19291660000000002,0.06472322368362071,1000,49336.45,49336.45,49809.82,48330.03,1125508731.91,-1
2021-08-22,0.876925,0.032656,0.09041500000000001,0.1863534,0.05433776071941132,1000,48867.87,48867.87,49512.19,48119.98,822323898.98,1
2021-08-23,0.861407,0.039398,0.09918600000000001,0.201195,0.06251183910268518,1000,49289.71,49289.71,50513.83,49048.25,1515250474.77,1
2021-08-24,0.862701,0.042109,0.095193,0.17835420000000002,0.06331257408287867,1000,49521.06,49521.06,49859.97,47580.66,1399185980.56,-1
2021-08-25,0.852906,0.038187,0.108906,0.21737620000000002,0.0644887077091796,1000,47690.54,47690.54,49257.74,47135.07,1208134772.96,1
2021-08-26,0.8496419999999999,0.042787,0.107572,0.201792,0.06784307749505472,1000,48996.44,48996.44,49358.2,46456.68,1618461768.41,-1
2021-08-27,0.8556419999999999,0.041427000000000005,0.102925,0.19710000000000003,0.06529834588257195,1000,46852.22,46852.22,49166.31,46376.81,1331637984.84,1
2021-08-28,0.863684,0.036444000000000004,0.099869,0.1981252,0.06032931158234777,1000,49088.1,49088.1,49306.47,48386.9,626553869.3,-1
2021-08-29,0.857886,0.038560000000000004,0.103558,0.20193819999999998,0.06319174376451404,1000,48918.9,48918.9,49653.49,47841.49,924625515.76,-1
2021-08-30,0.8541749999999999,0.053218999999999995,0.09260299999999999,0.1329307,0.07020141777058352,1000,48794.26,48794.26,48878.11,46872.47,1392617744.31,-1
2021-08-31,0.848796,0.038469,0.112729,0.2436079,0.06585265295339285,1000,46993.31,46993.31,48252.74,46713.72,1418199668.83,1
2021-09-01,0.864789,0.037378999999999996,0.09782500000000001,0.1939789,0.06046983276808362,1000,47159.26,47159.26,49062.05,46544.74,1520961266.36,1
2021-09-02,0.83951,0.044219999999999995,0.11627099999999999,0.2058932,0.07170427895181708,1000,48840.01,48840.01,50374.89,48632.7,1615790894.94,1
2021-09-03,0.862372,0.035549,0.102078,0.22093780000000002,0.060239279726769644,1000,49280.77,49280.77,51056.15,48362.56,1926045807.12,1
2021-09-04,0.8607710000000001,0.03608,0.103144,0.2155901,0.06100356973161489,1000,50019.51,50019.51,50549.35,49501.12,839888927.54,-1
2021-09-05,0.8563780000000001,0.038137,0.105479,0.2080721,0.06342438508176489,1000,49935.29,49935.29,51890.18,49499.28,1084416553.08,1
2021-09-06,0.872823,0.037941,0.089229,0.1623568,0.058184512449620134,1000,51784.16,51784.16,52766.16,51035.68,1328373298.0,1
2021-09-07,0.850919,0.048379000000000005,0.1007,0.16135400000000003,0.06979803220721914,1000,52693.32,52693.32,52919.24,43904.42,4055873734.71,-1
2021-09-08,0.8600140000000001,0.041505,0.09849000000000001,0.1893576,0.06393612007308545,1000,46856.31,46856.31,47362.35,44475.76,2105187289.07,-1
2021-09-09,0.850572,0.038821,0.110613,0.2165369,0.06552943821672821,1000,46073.45,46073.45,47335.29,45572.3,1499767099.51,1
2021-09-10,0.849915,0.046442,0.10363499999999999,0.1780863,0.06937590842648476,1000,46392.85,46392.85,47026.67,44198.27,1631276774.64,-1
2021-09-11,0.8457830000000001,0.05173699999999999,0.102488,0.1665717,0.07281772899507372,1000,44853.1,44853.1,45987.63,44741.98,662298068.85,1
2021-09-12,0.8539059999999999,0.044341,0.101753,0.19897230000000002,0.0671701553742434,1000,45166.12,45166.12,46403.5,44765.82,747181260.09,1
2021-09-13,0.857792,0.036643999999999996,0.105549,0.21614830000000002,0.06219113727855441,1000,46049.72,46049.72,46821.84,43511.3,1909473369.72,-1
2021-09-14,0.856019,0.03749299999999999,0.10649499999999999,0.21516400000000002,0.06318874136268264,1000,44958.56,44958.56,47263.56,44776.37,1237183544.6,1
2021-09-15,0.847259,0.047908,0.104829,0.16179520000000003,0.07086711319081652,1000,47129.01,47129.01,48457.3,46725.15,1282942628.56,1
2021-09-16,0.8603040000000001,0.040569,0.099131,0.2002994,0.06341644533557522,1000,48148.45,48148.45,48498.51,47050.55,1229076140.65,-1
2021-09-17,0.8539359999999999,0.043353,0.1027,0.2079199,0.0667259552198393,1000,47764.47,47764.47,48172.36,46770.31,899242093.44,-1
2021-09-18,0.856336,0.039831000000000005,0.103827,0.2005505,0.06430811175116247,1000,47297.98,47297.98,48808.0,47066.47,761079785.11,1
2021-09-19,0.8493419999999999,0.043951000000000004,0.106709,0.20340629999999998,0.06848333562991803,1000,48312.46,48312.46,48376.3,46864.5,668723282.36,-1
2021-09-20,0.860734,0.046657000000000004,0.092602,0.1447773,0.06573075014025019,1000,47251.76,47251.76,47340.49,42552.63,2849781014.82,-1
2021-09-21,0.851288,0.05112099999999999,0.09759500000000002,0.1402713,0.07063394364609696,1000,42925.46,42925.46,43625.93,39767.17,2972565920.07,-1
2021-09-22,0.85948,0.038547,0.10196000000000001,0.20831560000000002,0.0626917228986411,1000,40709.59,40709.59,44012.22,40589.07,1807576533.35,1
2021-09-23,0.857643,0.042216000000000004,0.10014400000000001,0.1927235,0.06502060522634345,1000,43576.15,43576.15,44994.17,43108.42,1522818255.74,1
2021-09-24,0.838103,0.058811999999999996,0.103084,0.129451,0.07786254688873206,1000,44893.87,44893.87,45143.18,40807.2,2565373998.35,-1
2021-09-25,0.8454980000000001,0.048692,0.10581399999999999,0.19628610000000005,0.0717794907198428,1000,42848.41,42848.41,42992.94,41710.08,767641976.96,-1
2021-09-26,0.848263,0.04556400000000001,0.10618000000000001,0.2076734,0.06955562895984768,1000,42721.91,42721.91,43928.49,40825.4,1187820024.18,1
2021-09-27,0.8592719999999999,0.044155,0.09656999999999999,0.16909870000000002,0.06529968108651067,1000,43201.79,43201.79,44360.41,42139.24,1140232492.25,-1
2021-09-28,0.8578129999999999,0.046795,0.09539500000000001,0.15962459999999998,0.06681323989300324,1000,42187.51,42187.51,42781.24,40924.13,1335757058.57,-1
2021-09-29,0.8517870000000001,0.043434,0.104777,0.2116782,0.06746024175764566,1000,41056.79,41056.79,42603.18,40790.67,1100252801.68,1
2021-09-30,0.854231,0.039373000000000005,0.106391,0.2073429,0.0647219656917186,1000,41539.43,41539.43,44106.6,41436.79,1469981944.79,1
2021-10-01,0.855857,0.036152000000000004,0.107994,0.23259190000000002,0.06248359054983957,1000,43829.34,43829.34,48470.13,43304.82,2498575570.28,1
2021-10-02,0.844877,0.039973,0.11515100000000002,0.24500249999999998,0.06784490344159981,1000,48164.35,48164.35,48347.69,47468.49,769022184.37,-1
2021-10-03,0.8546900000000001,0.039865000000000005,0.105437,0.2121406,0.06483244561945817,1000,47669.02,47669.02,49185.34,47137.07,895606844.23,1
2021-10-04,0.864005,0.034207,0.10178800000000002,0.21524739999999998,0.05900730561549138,1000,48234.05,48234.05,49501.21,46944.28,1664027525.19,1
2021-10-05,0.860348,0.041701999999999996,0.09794,0.1853102,0.06390848050141702,1000,49276.91,49276.91,51885.03,49087.72,2049372160.16,1
2021-10-06,0.8608669999999999,0.039789000000000005,0.099346,0.1833853,0.06287191737174874,1000,51504.27,51504.27,55656.67,50439.32,3444996109.53,1
2021-10-07,0.859969,0.041691000000000006,0.09832099999999999,0.20321039999999999,0.06402422050286906,1000,55345.85,55343.24,55359.77,53391.93,1836529821.85,-1
2021-10-08,0.856455,0.043023,0.10053400000000001,0.1992209,0.06576681748419944,1000,53797.21,53796.22,56047.91,53666.09,1592265868.06,1
2021-10-09,0.86199,0.040625,0.09738300000000001,0.200595,0.06289820645296652,1000,53949.29,53949.29,55485.2,53696.32,799607238.61,1
2021-10-10,0.85973,0.042987,0.097285,0.1776433,0.06466830982018935,1000,54968.04,54968.04,56473.63,54131.52,1276001425.96,-1
2021-10-11,0.858529,0.042969,0.098502,0.1808762,0.06505791602872014,1000,54700.24,54700.24,57825.98,54448.68,1805863526.52,1
2021-10-12,0.854067,0.040615000000000005,0.105321,0.19443470000000002,0.06540345873881595,1000,57498.8,57498.8,57646.93,54098.22,1913353762.18,-1
2021-10-13,0.864583,0.036666,0.09876299999999999,0.19638850000000002,0.0601767742405656,1000,56010.9,56010.9,57768.98,54279.61,1906230334.0,1
2021-10-14,0.8633390000000001,0.038878,0.09778,0.2060027,0.06165623115306351,1000,57369.0,57369.0,58514.76,56854.38,1617497364.76,-1
2021-10-15,0.8650129999999999,0.038202,0.09678199999999999,0.1925638,0.06080514751236115,1000,57359.21,57359.21,62889.98,56885.66,3737889743.83,1
2021-10-16,0.862548,0.040476,0.096958,0.1762579,0.06264560645408424,1000,61684.96,61684.96,62341.46,60153.79,1404879137.37,-1
2021-10-17,0.86085,0.035741,0.103408,0.1954144,0.06079395798926074,1000,60877.77,60877.77,61698.1,59050.3,1414498881.98,1
2021-10-18,0.874267,0.036330999999999995,0.089396,0.1780969,0.056989876960737505,1000,61520.54,61520.54,62662.72,59925.93,3113486441.7,1
2021-10-19,0.8768729999999999,0.038111000000000006,0.085013,0.15335980000000002,0.05692038688378708,1000,62038.16,62038.16,64468.7,61410.11,2706420467.09,1
2021-10-20,0.8650730000000001,0.03617100000000001,0.098751,0.1982611,0.05976556216584933,1000,64283.97,64283.97,66980.66,63543.7,2978059285.56,1
2021-10-21,0.8525179999999999,0.035457,0.112027,0.2316954,0.06302492633077805,1000,66021.02,66021.02,66645.73,62076.16,3962470063.85,-1
2021-10-22,0.854711,0.039480999999999995,0.105813,0.21317290000000003,0.06463437980672515,1000,62283.96,62283.96,63731.17,60017.23,2504718475.2,-1
2021-10-23,0.863927,0.035117999999999996,0.100956,0.2341628,0.05954303324487257,1000,60693.59,60693.59,61733.43,59705.11,990360071.85,1
2021-10-24,0.8536509999999999,0.039209,0.10714099999999999,0.21551270000000003,0.06481428445180892,1000,61313.09,61313.09,61481.25,59529.34,1158838824.68,-1
2021-10-25,0.8694379999999999,0.033661,0.09691,0.21884730000000002,0.05711468734047312,1000,60863.56,60863.56,63709.97,60658.35,1549308691.98,1
2021-10-26,0.8549370000000001,0.04561199999999999,0.09945400000000001,0.17363220000000001,0.0673520292790054,1000,63089.04,63089.04,63290.04,59868.68,1738003094.57,-1
2021-10-27,0.8593710000000001,0.043595,0.097031,0.1926771,0.0650389609772481,1000,60315.68,60315.68,61473.0,58128.18,2719093218.08,-1
2021-10-28,0.860169,0.03882100000000001,0.101005,0.2096482,0.06261880791743005,1000,58464.42,58464.42,62252.08,58145.43,3090102767.38,1
2021-10-29,0.858027,0.037361000000000005,0.10461,0.2169484,0.0625166714565003,1000,60610.11,60610.11,62967.45,60269.97,2168021242.77,1
2021-10-30,0.867888,0.033357,0.098749,0.2062252,0.057393121478100495,1000,62282.5,62282.5,62371.52,60774.38,979987095.61,-1
2021-10-31,0.864077,0.032886,0.103035,0.2236053,0.05821004217486876,1000,61891.91,61891.91,62420.57,60022.06,1181933822.61,-1
2021-11-01,0.853154,0.034068,0.11278700000000001,0.23883570000000004,0.06198731738025126,1000,61349.75,61349.75,62482.31,59554.88,1955088666.05,-1
2021-11-02,0.8634820000000001,0.035046,0.101464,0.21987220000000002,0.05963142916281648,1000,60960.98,60960.98,64283.57,60677.48,2260756044.28,1
2021-11-03,0.860349,0.038939,0.100699,0.1970475,0.06261883391600326,1000,63260.05,63260.05,63553.52,61057.89,1852233940.61,-1
2021-11-04,0.8555940000000001,0.041615,0.102786,0.1962458,0.06540213597429369,1000,62929.93,62929.93,63102.86,60745.84,1420765190.91,-1
2021-11-05,0.861356,0.036758,0.10188,0.2188446,0.06119562925569112,1000,61448.47,61448.47,62621.97,60789.16,1262030165.48,-1
2021-11-06,0.854996,0.040919,0.10409099999999999,0.19799150000000001,0.06526330997582025,1000,61019.66,61019.66,61594.16,60130.85,939530051.87,1
2021-11-07,0.8693420000000001,0.036786,0.093865,0.1786114,0.05876153410182549,1000,61529.76,61529.76,63309.57,61406.56,929571983.79,1
2021-11-08,0.8722570000000001,0.035148,0.092596,0.15911820000000002,0.05704878796258515,1000,63302.78,63302.78,67755.46,63302.78,2614939972.01,1
2021-11-09,0.8592629999999999,0.034351999999999994,0.106408,0.21969450000000001,0.06045930545416479,1000,67549.14,67549.14,68514.26,66312.42,2209551778.82,-1
2021-11-10,0.8529410000000001,0.049893,0.097172,0.14953260000000002,0.06962903558142967,1000,66939.24,66939.24,68978.64,63196.25,3365466815.36,-1
2021-11-11,0.8580180000000001,0.043046,0.09893600000000001,0.1914326,0.06525947483699207,1000,64926.06,64926.06,65585.68,64130.37,1393819061.45,-1
2021-11-12,0.8623460000000001,0.039067,0.09859100000000001,0.1877166,0.062061699920321234,1000,64820.8,64820.8,65466.0,62315.02,2090846686.0,-1
2021-11-13,0.851499,0.037863,0.11063100000000001,0.2296777,0.06472110593152747,1000,64156.3,64156.3,64967.34,63406.98,815997863.99,1
2021-11-14,0.869144,0.03612099999999999,0.09473,0.1772565,0.058495660779240705,1000,64409.56,64409.56,65509.06,63616.33,947303706.23,1
2021-11-15,0.8604890000000001,0.043186999999999996,0.096322,0.169488,0.0644969628277177,1000,65509.06,65509.06,66335.42,63442.58,1639253320.63,-1
2021-11-16,0.860707,0.044224,0.09506400000000001,0.16242790000000001,0.06483911115985475,1000,63614.06,63614.06,63614.53,58745.71,3740808475.72,-1
2021-11-17,0.85453,0.040875,0.10459200000000002,0.2054094,0.06538499827942187,1000,60108.9,60108.9,60837.09,58566.05,2582737930.61,1
2021-11-18,0.85253,0.054322999999999996,0.09314099999999999,0.13271950000000002,0.07113155799643361,1000,60365.6,60365.6,60964.37,56535.61,3718546724.95,-1
2021-11-19,0.8554400000000001,0.044899,0.09966400000000002,0.1703693,0.06689405007921109,1000,56930.68,56930.68,58403.92,55655.03,2107344590.7,1
2021-11-20,0.855783,0.037469999999999996,0.106734,0.20597699999999997,0.06324020066381826,1000,58136.22,58136.22,59901.9,57450.63,985075173.7,1
2021-11-21,0.86081,0.04185199999999999,0.097329,0.19510900000000003,0.06382329753311089,1000,59769.66,59769.66,60058.65,58575.6,888045056.17,-1
2021-11-22,0.8597080000000001,0.044447,0.09584899999999999,0.160942,0.06527021145208586,1000,58700.83,58700.83,59391.98,55673.01,2371226089.18,-1
2021-11-23,0.855048,0.035914,0.10904699999999999,0.1874297,0.06258045987366984,1000,56303.06,56303.06,57873.77,55485.59,2153848949.04,1
2021-11-24,0.8534870000000001,0.040336,0.10617600000000002,0.211846,0.06544245667760343,1000,57566.6,57566.6,57740.34,55899.88,1630017073.7,-1
2021-11-25,0.860501,0.033996000000000005,0.105505,0.2140729,0.05988946468286388,1000,57175.09,57175.09,59437.04,57056.64,1412787308.46,1
2021-11-26,0.856662,0.052482,0.090849,0.12290320000000002,0.06905025139708038,1000,58966.99,58966.99,59201.95,53575.54,3312563227.95,-1
2021-11-27,0.849634,0.052777000000000004,0.097581,0.14129750000000002,0.07176372647096861,1000,53788.22,53788.22,55316.65,53668.95,1010585542.47,1
2021-11-28,0.857635,0.048509000000000004,0.093863,0.1544969,0.06747740560365374,1000,54805.03,54805.03,57475.26,53436.05,1186994646.57,1
2021-11-29,0.8682360000000001,0.035963999999999996,0.095797,0.1918197,0.05869619500444641,1000,57331.41,57331.41,58898.57,56752.37,1690005715.85,1
2021-11-30,0.8657440000000001,0.041261,0.093006,0.17817090000000002,0.0619477244618396,1000,57839.55,57839.55,59226.33,55931.33,2383744473.31,-1
2021-12-01,0.8601859999999999,0.042673,0.097127,0.1925974,0.06437934817159925,1000,56975.35,56975.35,59096.53,56505.99,2072824070.98,1
2021-12-02,0.852953,0.042644999999999995,0.10438900000000001,0.1979302,0.06672082811986074,1000,57227.97,57227.97,57409.48,55850.4,1712170975.38,-1
2021-12-03,0.863501,0.047863,0.088642,0.1303095,0.06513579696296039,1000,56522.76,56522.76,57639.15,52493.23,2461497753.56,-1
2021-12-04,0.845304,0.05026,0.10442500000000002,0.1717399,0.07244584529150033,1000,53663.25,53663.25,53871.2,43563.07,4315348557.56,-1
2021-12-05,0.8586490000000001,0.044012,0.09733699999999999,0.1717693,0.06545224246731352,1000,49243.39,49243.39,49764.31,47840.63,2074283149.33,1
2021-12-06,0.85749,0.043158,0.099351,0.1676353,0.06548122217857574,1000,49465.5,49465.5,50986.02,47260.2,2437856119.9,1
2021-12-07,0.857695,0.051317999999999996,0.090997,0.141871,0.06833581817758531,1000,50552.83,50552.83,51953.27,50083.33,1496164576.66,1
2021-12-08,0.8673540000000001,0.046284000000000006,0.086354,0.1507494,0.06322031743039574,1000,50633.01,50633.01,51215.6,48711.85,1290175070.3,-1
2021-12-09,0.862612,0.050983999999999995,0.086404,0.111134,0.0663718429456347,1000,50513.04,50513.04,50829.41,47347.73,1681556175.72,-1
2021-12-10,0.859866,0.054601,0.085537,0.10311019999999999,0.06834036681932575,1000,47593.85,47593.85,50047.85,46989.42,1905617871.17,-1
2021-12-11,0.8615529999999999,0.048147999999999996,0.090288,0.13285219999999998,0.0659331981933229,1000,47191.14,47191.14,49504.07,46829.85,1181186604.23,1
2021-12-12,0.879957,0.042509,0.07754499999999999,0.1265279,0.05741393911760453,1000,49398.4,49398.4,50807.75,48689.25,1072562349.4,1
2021-12-13,0.857973,0.054964,0.08706100000000001,0.11896459999999999,0.06917529041500296,1000,50109.99,50109.99,50215.42,45800.52,2353893179.4,-1
2021-12-14,0.8439000000000001,0.050491,0.10559,0.18605680000000002,0.07301605775444193,1000,46731.03,46731.03,48665.63,46320.4,1646492085.28,1
2021-12-15,0.861022,0.04534099999999999,0.093626,0.1681628,0.06515440480888456,1000,48387.69,48387.69,49499.91,46562.1,2132679583.02,1
2021-12-16,0.865773,0.04751300000000001,0.08670500000000002,0.1369563,0.06418422442469801,1000,48885.05,48885.05,49451.4,47546.15,1271265804.99,-1
2021-12-17,0.855789,0.049580000000000006,0.09462299999999998,0.15010120000000002,0.06849385622083196,1000,47635.92,47635.92,48004.37,45505.02,1756062773.63,-1
2021-12-18,0.854989,0.04786,0.09714600000000001,0.15020850000000002,0.0681865643657165,1000,46164.14,46164.14,47356.67,45522.92,874187163.05,1
2021-12-19,0.874174,0.041538,0.084286,0.1376635,0.059169856075539005,1000,46861.62,46861.62,48286.29,46459.66,1035963939.83,-1
2021-12-20,0.8715740000000001,0.039306,0.08911799999999999,0.15615890000000002,0.05918506659622847,1000,46697.13,46697.13,47495.72,45586.49,1517599333.73,1
2021-12-21,0.864669,0.041446,0.093871,0.1660271,0.06237449371337614,1000,46913.54,46913.54,49334.04,46661.88,1546447524.57,1
2021-12-22,0.8529749999999999,0.048,0.099025,0.1596592,0.06894345509183594,1000,48917.48,48917.48,49581.41,48460.43,1028434929.44,-1
2021-12-23,0.856245,0.039518,0.104223,0.20424669999999998,0.06417697806846315,1000,48614.97,48614.97,51382.88,48062.25,1525047125.27,1
2021-12-24,0.860654,0.043225000000000006,0.09612100000000001,0.170926,0.06445797254800993,1000,50830.2,50830.2,51863.56,50449.36,1107244995.18,1
2021-12-25,0.865397,0.039252,0.095351,0.16852709999999999,0.06117775291721657,1000,50840.36,50840.36,51158.56,50199.56,585818997.15,-1
2021-12-26,0.8590720000000001,0.04507,0.09584899999999999,0.1745401,0.06572605594435132,1000,50431.63,50431.63,51283.7,49485.62,736617761.86,1
2021-12-27,0.859985,0.046149,0.093852,0.15091300000000002,0.06581167030246231,1000,50790.88,50790.88,52079.46,50481.26,1120188136.96,-1
2021-12-28,0.8559770000000001,0.0515,0.09251400000000001,0.14564,0.06902514759129458,1000,50714.73,50714.73,50718.53,47317.78,1985905082.17,-1
2021-12-29,0.858153,0.056188,0.085661,0.11510429999999999,0.06937665506494242,1000,47536.39,47536.39,48145.34,46107.79,1599557104.64,-1
2021-12-30,0.853271,0.047745,0.09897500000000001,0.1728497,0.06874271870532908,1000,46471.7,46471.7,47917.89,45964.28,1852206857.29,1
2021-12-31,0.839904,0.044251000000000006,0.115844,0.21845940000000003,0.07159757568521438,1000,47129.66,47129.66,48573.22,45665.44,1636014399.31,-1
